id_anony,Code
es_0,0
es_1,1
es_10,2
es_100,3
es_1000,4
es_1001,5
es_1002,6
es_1003,7
es_1004,8
es_1005,9
es_1006,10
es_1007,11
es_1008,12
es_1009,13
es_101,14
es_1010,15
es_1011,16
es_1012,17
es_1013,18
es_1014,19
es_1015,20
es_1016,21
es_1017,22
es_1018,23
es_1019,24
es_102,25
es_1020,26
es_1021,27
es_1022,28
es_1023,29
es_1024,30
es_1025,31
es_1026,32
es_1027,33
es_1028,34
es_1029,35
es_103,36
es_1030,37
es_1031,38
es_1032,39
es_1033,40
es_1034,41
es_1035,42
es_1036,43
es_1037,44
es_1038,45
es_1039,46
es_104,47
es_1040,48
es_1041,49
es_1042,50
es_1043,51
es_1044,52
es_1045,53
es_1046,54
es_1047,55
es_1048,56
es_1049,57
es_105,58
es_1050,59
es_1051,60
es_1052,61
es_1053,62
es_1054,63
es_1055,64
es_1056,65
es_1057,66
es_1059,67
es_106,68
es_1060,69
es_1061,70
es_1062,71
es_1063,72
es_1064,73
es_1065,74
es_1066,75
es_1067,76
es_1068,77
es_1069,78
es_107,79
es_1070,80
es_1071,81
es_1072,82
es_1073,83
es_1074,84
es_1075,85
es_1076,86
es_1077,87
es_1078,88
es_1079,89
es_108,90
es_1080,91
es_1081,92
es_1082,93
es_1083,94
es_1084,95
es_1085,96
es_1086,97
es_1087,98
es_1088,99
es_1089,100
es_109,101
es_1090,102
es_1091,103
es_1092,104
es_1093,105
es_1094,106
es_1095,107
es_1096,108
es_1097,109
es_1098,110
es_1099,111
es_11,112
es_110,113
es_1100,114
es_1101,115
es_1102,116
es_1103,117
es_1104,118
es_1105,119
es_1106,120
es_1107,121
es_1108,122
es_1109,123
es_111,124
es_1110,125
es_1111,126
es_1112,127
es_1113,128
es_1114,129
es_1115,130
es_1116,131
es_1117,132
es_1118,133
es_1119,134
es_112,135
es_1120,136
es_1121,137
es_1122,138
es_1123,139
es_1124,140
es_1125,141
es_1126,142
es_1127,143
es_1128,144
es_1129,145
es_113,146
es_1130,147
es_1131,148
es_1132,149
es_1133,150
es_1134,151
es_1135,152
es_1136,153
es_1137,154
es_1138,155
es_1139,156
es_114,157
es_1140,158
es_1141,159
es_1142,160
es_1143,161
es_1144,162
es_1145,163
es_1146,164
es_1147,165
es_1148,166
es_1149,167
es_115,168
es_1150,169
es_1151,170
es_1152,171
es_1153,172
es_1154,173
es_1155,174
es_1156,175
es_1157,176
es_1158,177
es_1159,178
es_116,179
es_1160,180
es_1161,181
es_1162,182
es_1163,183
es_1164,184
es_1165,185
es_1166,186
es_1167,187
es_1168,188
es_1169,189
es_117,190
es_1170,191
es_1171,192
es_1172,193
es_1173,194
es_1174,195
es_1175,196
es_1176,197
es_1177,198
es_1178,199
es_1179,200
es_118,201
es_1180,202
es_1181,203
es_1182,204
es_1183,205
es_1184,206
es_1185,207
es_1186,208
es_1187,209
es_1188,210
es_1189,211
es_119,212
es_1190,213
es_1191,214
es_1192,215
es_1193,216
es_1194,217
es_1195,218
es_1196,219
es_1197,220
es_1198,221
es_1199,222
es_12,223
es_120,224
es_1200,225
es_1201,226
es_1202,227
es_1203,228
es_1204,229
es_1205,230
es_1206,231
es_1207,232
es_1208,233
es_1209,234
es_121,235
es_1210,236
es_1211,237
es_1212,238
es_1213,239
es_1214,240
es_1215,241
es_1216,242
es_1217,243
es_1218,244
es_1219,245
es_122,246
es_1220,247
es_1221,248
es_1222,249
es_1223,250
es_1224,251
es_1225,252
es_1226,253
es_1227,254
es_1228,255
es_1229,256
es_123,257
es_1230,258
es_1231,259
es_1232,260
es_1233,261
es_1234,262
es_1235,263
es_1236,264
es_1237,265
es_1238,266
es_1239,267
es_124,268
es_1240,269
es_1241,270
es_1242,271
es_1243,272
es_1244,273
es_1245,274
es_1246,275
es_1247,276
es_1248,277
es_1249,278
es_125,279
es_1250,280
es_1251,281
es_1252,282
es_1253,283
es_1254,284
es_1255,285
es_1256,286
es_1257,287
es_1258,288
es_1259,289
es_126,290
es_1260,291
es_1261,292
es_1262,293
es_1263,294
es_1264,295
es_1265,296
es_1266,297
es_1267,298
es_1268,299
es_1269,300
es_127,301
es_1270,302
es_1271,303
es_1272,304
es_1273,305
es_1274,306
es_1275,307
es_1276,308
es_1277,309
es_1278,310
es_1279,311
es_128,312
es_1280,313
es_1281,314
es_1282,315
es_1283,316
es_1284,317
es_1285,318
es_1286,319
es_1287,320
es_1288,321
es_1289,322
es_129,323
es_1290,324
es_1291,325
es_1292,326
es_1293,327
es_1294,328
es_1295,329
es_1296,330
es_1297,331
es_1298,332
es_1299,333
es_13,334
es_130,335
es_1300,336
es_1301,337
es_1302,338
es_1303,339
es_1304,340
es_1305,341
es_1306,342
es_1307,343
es_1308,344
es_1309,345
es_131,346
es_1310,347
es_1311,348
es_1312,349
es_1313,350
es_1314,351
es_1315,352
es_1316,353
es_1317,354
es_1318,355
es_1319,356
es_132,357
es_1320,358
es_1321,359
es_1322,360
es_1323,361
es_1324,362
es_1325,363
es_1326,364
es_1327,365
es_1328,366
es_1329,367
es_133,368
es_1330,369
es_1331,370
es_1332,371
es_1333,372
es_1334,373
es_1335,374
es_1336,375
es_1337,376
es_1338,377
es_1339,378
es_134,379
es_1340,380
es_1341,381
es_1342,382
es_1343,383
es_1344,384
es_1345,385
es_1346,386
es_1347,387
es_1348,388
es_1349,389
es_135,390
es_1350,391
es_1351,392
es_1352,393
es_1353,394
es_1354,395
es_1355,396
es_1356,397
es_1357,398
es_1358,399
es_1359,400
es_136,401
es_1360,402
es_1361,403
es_1362,404
es_1363,405
es_1364,406
es_1365,407
es_1366,408
es_1367,409
es_1368,410
es_1369,411
es_137,412
es_1370,413
es_1371,414
es_1372,415
es_1373,416
es_1374,417
es_1375,418
es_1376,419
es_1377,420
es_1378,421
es_1379,422
es_138,423
es_1380,424
es_1381,425
es_1382,426
es_1383,427
es_1384,428
es_1385,429
es_1386,430
es_1387,431
es_1388,432
es_1389,433
es_139,434
es_1390,435
es_1391,436
es_1392,437
es_1393,438
es_1394,439
es_1395,440
es_1396,441
es_1397,442
es_1398,443
es_1399,444
es_14,445
es_140,446
es_1400,447
es_1401,448
es_1402,449
es_1403,450
es_1404,451
es_1405,452
es_1406,453
es_1407,454
es_1408,455
es_1409,456
es_141,457
es_1410,458
es_1411,459
es_1412,460
es_1413,461
es_1414,462
es_1415,463
es_1416,464
es_1417,465
es_1418,466
es_1419,467
es_142,468
es_1420,469
es_1421,470
es_1422,471
es_1423,472
es_1424,473
es_1425,474
es_1426,475
es_1427,476
es_1428,477
es_1429,478
es_143,479
es_1430,480
es_1431,481
es_1432,482
es_1433,483
es_1434,484
es_1435,485
es_1436,486
es_1437,487
es_1438,488
es_1439,489
es_144,490
es_1440,491
es_1441,492
es_1442,493
es_1443,494
es_1444,495
es_1445,496
es_1446,497
es_1447,498
es_1448,499
es_1449,500
es_145,501
es_1450,502
es_1451,503
es_1452,504
es_1453,505
es_1455,506
es_1456,507
es_1457,508
es_1458,509
es_1459,510
es_146,511
es_1460,512
es_1461,513
es_1462,514
es_1463,515
es_1464,516
es_1465,517
es_1466,518
es_1467,519
es_1468,520
es_1469,521
es_147,522
es_1470,523
es_1471,524
es_1472,525
es_1473,526
es_1474,527
es_1475,528
es_1476,529
es_1477,530
es_1478,531
es_1479,532
es_148,533
es_1480,534
es_1481,535
es_1482,536
es_1483,537
es_1484,538
es_1485,539
es_1486,540
es_1487,541
es_1488,542
es_1489,543
es_149,544
es_1490,545
es_1491,546
es_1492,547
es_1493,548
es_1494,549
es_1495,550
es_1496,551
es_1497,552
es_1498,553
es_1499,554
es_15,555
es_150,556
es_1500,557
es_1501,558
es_1502,559
es_1503,560
es_1504,561
es_1505,562
es_1506,563
es_1507,564
es_1508,565
es_1509,566
es_151,567
es_1510,568
es_1511,569
es_1512,570
es_1513,571
es_1514,572
es_1515,573
es_1516,574
es_1517,575
es_1518,576
es_1519,577
es_152,578
es_1520,579
es_1521,580
es_1522,581
es_1523,582
es_1524,583
es_1525,584
es_1526,585
es_1527,586
es_1528,587
es_1529,588
es_153,589
es_1530,590
es_1531,591
es_1532,592
es_1533,593
es_1534,594
es_1535,595
es_1536,596
es_1537,597
es_1538,598
es_1539,599
es_154,600
es_1540,601
es_1541,602
es_1542,603
es_1543,604
es_1544,605
es_1545,606
es_1546,607
es_1547,608
es_1548,609
es_1549,610
es_155,611
es_1550,612
es_1551,613
es_1552,614
es_1553,615
es_1554,616
es_1555,617
es_1556,618
es_1557,619
es_1558,620
es_1559,621
es_156,622
es_1560,623
es_1561,624
es_1562,625
es_1563,626
es_1564,627
es_1565,628
es_1566,629
es_1567,630
es_1568,631
es_1569,632
es_157,633
es_1570,634
es_1571,635
es_1572,636
es_1573,637
es_1574,638
es_1575,639
es_1576,640
es_1577,641
es_1578,642
es_1579,643
es_158,644
es_1580,645
es_1581,646
es_1582,647
es_1583,648
es_1584,649
es_1585,650
es_1586,651
es_1587,652
es_1588,653
es_1589,654
es_159,655
es_1590,656
es_1591,657
es_1592,658
es_1593,659
es_1594,660
es_1595,661
es_1596,662
es_1597,663
es_1598,664
es_1599,665
es_16,666
es_160,667
es_1600,668
es_1601,669
es_1602,670
es_1603,671
es_1604,672
es_1605,673
es_1606,674
es_1607,675
es_1608,676
es_1609,677
es_161,678
es_1610,679
es_1611,680
es_1612,681
es_1613,682
es_1614,683
es_1615,684
es_1616,685
es_1617,686
es_1618,687
es_1619,688
es_162,689
es_1620,690
es_1621,691
es_1622,692
es_1623,693
es_1624,694
es_1625,695
es_1626,696
es_1627,697
es_1628,698
es_1629,699
es_163,700
es_1630,701
es_1631,702
es_1632,703
es_1633,704
es_1634,705
es_1635,706
es_1636,707
es_1637,708
es_1638,709
es_1639,710
es_164,711
es_1640,712
es_1641,713
es_1642,714
es_1643,715
es_1644,716
es_1645,717
es_1646,718
es_1647,719
es_1648,720
es_1649,721
es_165,722
es_1650,723
es_1651,724
es_1652,725
es_1653,726
es_1654,727
es_1655,728
es_1656,729
es_1657,730
es_1658,731
es_1659,732
es_166,733
es_1660,734
es_1661,735
es_1662,736
es_1663,737
es_1664,738
es_1665,739
es_1666,740
es_1667,741
es_1668,742
es_1669,743
es_167,744
es_1670,745
es_1671,746
es_1672,747
es_1673,748
es_1674,749
es_1675,750
es_1676,751
es_1677,752
es_1678,753
es_1679,754
es_168,755
es_1680,756
es_1681,757
es_1682,758
es_1683,759
es_1684,760
es_1685,761
es_1686,762
es_1687,763
es_1688,764
es_1689,765
es_169,766
es_1690,767
es_1691,768
es_1692,769
es_1693,770
es_1694,771
es_1695,772
es_1696,773
es_1697,774
es_1698,775
es_1699,776
es_17,777
es_170,778
es_1700,779
es_1701,780
es_1702,781
es_1703,782
es_1704,783
es_1705,784
es_1706,785
es_1707,786
es_1708,787
es_1709,788
es_171,789
es_1710,790
es_1711,791
es_1712,792
es_1713,793
es_1714,794
es_1715,795
es_1716,796
es_1717,797
es_1718,798
es_1719,799
es_172,800
es_1720,801
es_1721,802
es_1722,803
es_1723,804
es_1724,805
es_1725,806
es_1726,807
es_1727,808
es_1728,809
es_1729,810
es_173,811
es_1730,812
es_1731,813
es_1732,814
es_1733,815
es_1734,816
es_1735,817
es_1736,818
es_1737,819
es_1738,820
es_1739,821
es_174,822
es_1740,823
es_1741,824
es_1742,825
es_1743,826
es_1744,827
es_1745,828
es_1746,829
es_1747,830
es_1748,831
es_1749,832
es_175,833
es_1750,834
es_1751,835
es_1752,836
es_1753,837
es_1754,838
es_1755,839
es_1756,840
es_1757,841
es_1758,842
es_1759,843
es_176,844
es_1760,845
es_1761,846
es_1762,847
es_1763,848
es_1764,849
es_1765,850
es_1766,851
es_1767,852
es_1768,853
es_1769,854
es_177,855
es_1770,856
es_1771,857
es_1772,858
es_1773,859
es_1774,860
es_1775,861
es_1776,862
es_1777,863
es_1778,864
es_1779,865
es_178,866
es_1780,867
es_1781,868
es_1782,869
es_1783,870
es_1784,871
es_1785,872
es_1786,873
es_1787,874
es_1788,875
es_1789,876
es_179,877
es_1790,878
es_1791,879
es_1792,880
es_1793,881
es_1794,882
es_1795,883
es_1796,884
es_1797,885
es_1798,886
es_1799,887
es_18,888
es_180,889
es_1800,890
es_1801,891
es_1802,892
es_1803,893
es_1804,894
es_1805,895
es_1806,896
es_1807,897
es_1808,898
es_1809,899
es_181,900
es_1810,901
es_1811,902
es_1812,903
es_1813,904
es_1814,905
es_1815,906
es_1816,907
es_1817,908
es_1818,909
es_1819,910
es_182,911
es_1820,912
es_1821,913
es_1822,914
es_1823,915
es_1824,916
es_1825,917
es_1826,918
es_1827,919
es_1828,920
es_1829,921
es_183,922
es_1830,923
es_1831,924
es_1832,925
es_1833,926
es_1834,927
es_1835,928
es_1836,929
es_1837,930
es_1838,931
es_1839,932
es_184,933
es_1840,934
es_1841,935
es_1842,936
es_1843,937
es_1844,938
es_1845,939
es_1846,940
es_1847,941
es_1848,942
es_1849,943
es_185,944
es_1850,945
es_1851,946
es_1852,947
es_1853,948
es_1854,949
es_1855,950
es_1856,951
es_1857,952
es_1858,953
es_1859,954
es_186,955
es_1860,956
es_1861,957
es_1862,958
es_1863,959
es_1864,960
es_1865,961
es_1866,962
es_1867,963
es_1868,964
es_1869,965
es_187,966
es_1870,967
es_1871,968
es_1872,969
es_1873,970
es_1874,971
es_1875,972
es_1876,973
es_1877,974
es_1878,975
es_1879,976
es_188,977
es_1880,978
es_1881,979
es_1882,980
es_1883,981
es_1884,982
es_1885,983
es_1886,984
es_1887,985
es_1888,986
es_1889,987
es_189,988
es_1890,989
es_1891,990
es_1892,991
es_1893,992
es_1894,993
es_1895,994
es_1896,995
es_1897,996
es_1898,997
es_1899,998
es_19,999
es_190,1000
es_1900,1001
es_1901,1002
es_1902,1003
es_1903,1004
es_1904,1005
es_1905,1006
es_1906,1007
es_1907,1008
es_1908,1009
es_1909,1010
es_191,1011
es_1910,1012
es_1911,1013
es_1912,1014
es_1913,1015
es_1914,1016
es_1915,1017
es_1916,1018
es_1917,1019
es_1918,1020
es_1919,1021
es_192,1022
es_1920,1023
es_1921,1024
es_1922,1025
es_1923,1026
es_1924,1027
es_1925,1028
es_1926,1029
es_1927,1030
es_1928,1031
es_1929,1032
es_193,1033
es_1930,1034
es_1931,1035
es_1932,1036
es_1933,1037
es_1934,1038
es_1935,1039
es_1936,1040
es_1937,1041
es_1938,1042
es_1939,1043
es_194,1044
es_1940,1045
es_1941,1046
es_1942,1047
es_1943,1048
es_1944,1049
es_1945,1050
es_1946,1051
es_1947,1052
es_1948,1053
es_1949,1054
es_195,1055
es_1950,1056
es_1951,1057
es_1952,1058
es_1953,1059
es_1954,1060
es_1955,1061
es_1956,1062
es_1957,1063
es_1958,1064
es_1959,1065
es_196,1066
es_1960,1067
es_1961,1068
es_1962,1069
es_1963,1070
es_1964,1071
es_1965,1072
es_1966,1073
es_1967,1074
es_1968,1075
es_1969,1076
es_197,1077
es_1970,1078
es_1971,1079
es_1972,1080
es_1973,1081
es_1974,1082
es_1975,1083
es_1976,1084
es_1977,1085
es_1978,1086
es_1979,1087
es_198,1088
es_1980,1089
es_1981,1090
es_1982,1091
es_1983,1092
es_1984,1093
es_1985,1094
es_1986,1095
es_1987,1096
es_1988,1097
es_1989,1098
es_199,1099
es_1990,1100
es_1991,1101
es_1992,1102
es_1993,1103
es_1994,1104
es_1995,1105
es_1996,1106
es_1997,1107
es_1998,1108
es_1999,1109
es_2,1110
es_20,1111
es_200,1112
es_2000,1113
es_2001,1114
es_2002,1115
es_2003,1116
es_2004,1117
es_2005,1118
es_2006,1119
es_2007,1120
es_2008,1121
es_2009,1122
es_201,1123
es_2010,1124
es_2011,1125
es_2012,1126
es_2013,1127
es_2014,1128
es_2015,1129
es_2016,1130
es_2017,1131
es_2018,1132
es_2019,1133
es_202,1134
es_2020,1135
es_2021,1136
es_2022,1137
es_2023,1138
es_2024,1139
es_2025,1140
es_2026,1141
es_2027,1142
es_2028,1143
es_2029,1144
es_203,1145
es_2030,1146
es_2031,1147
es_2032,1148
es_2033,1149
es_2034,1150
es_2035,1151
es_2036,1152
es_2037,1153
es_2038,1154
es_2039,1155
es_204,1156
es_2040,1157
es_2041,1158
es_2042,1159
es_2043,1160
es_2044,1161
es_2045,1162
es_2046,1163
es_2047,1164
es_2048,1165
es_2049,1166
es_205,1167
es_2050,1168
es_2051,1169
es_2052,1170
es_2053,1171
es_2054,1172
es_2055,1173
es_2056,1174
es_2057,1175
es_2058,1176
es_2059,1177
es_206,1178
es_2060,1179
es_2061,1180
es_2062,1181
es_2063,1182
es_2064,1183
es_2065,1184
es_2066,1185
es_2067,1186
es_2068,1187
es_2069,1188
es_207,1189
es_2070,1190
es_2071,1191
es_2072,1192
es_2073,1193
es_2074,1194
es_2075,1195
es_2076,1196
es_2077,1197
es_2078,1198
es_2079,1199
es_208,1200
es_2080,1201
es_2081,1202
es_2082,1203
es_2083,1204
es_2084,1205
es_2085,1206
es_2086,1207
es_2087,1208
es_2088,1209
es_2089,1210
es_209,1211
es_2090,1212
es_2091,1213
es_2092,1214
es_2093,1215
es_2094,1216
es_2095,1217
es_2096,1218
es_2097,1219
es_2098,1220
es_2099,1221
es_21,1222
es_210,1223
es_2100,1224
es_2101,1225
es_2102,1226
es_2103,1227
es_2104,1228
es_2105,1229
es_2106,1230
es_2107,1231
es_2108,1232
es_2109,1233
es_211,1234
es_2110,1235
es_2111,1236
es_2112,1237
es_2113,1238
es_2114,1239
es_2115,1240
es_2116,1241
es_2117,1242
es_2118,1243
es_2119,1244
es_212,1245
es_2120,1246
es_2121,1247
es_2122,1248
es_2123,1249
es_2124,1250
es_2125,1251
es_2126,1252
es_2127,1253
es_2128,1254
es_2129,1255
es_213,1256
es_2130,1257
es_2131,1258
es_2132,1259
es_2133,1260
es_2134,1261
es_2135,1262
es_2136,1263
es_2137,1264
es_2138,1265
es_2139,1266
es_214,1267
es_2140,1268
es_2141,1269
es_2142,1270
es_2143,1271
es_2144,1272
es_2145,1273
es_2146,1274
es_2147,1275
es_2148,1276
es_2149,1277
es_215,1278
es_2150,1279
es_2151,1280
es_2152,1281
es_2153,1282
es_2154,1283
es_2155,1284
es_2156,1285
es_2157,1286
es_2158,1287
es_2159,1288
es_216,1289
es_2160,1290
es_2161,1291
es_2162,1292
es_2163,1293
es_2164,1294
es_2165,1295
es_2166,1296
es_2167,1297
es_2168,1298
es_2169,1299
es_217,1300
es_2170,1301
es_2171,1302
es_2172,1303
es_2173,1304
es_2174,1305
es_2175,1306
es_2176,1307
es_2177,1308
es_2178,1309
es_2179,1310
es_218,1311
es_2180,1312
es_2181,1313
es_2182,1314
es_2183,1315
es_2184,1316
es_2185,1317
es_2186,1318
es_2187,1319
es_2188,1320
es_2189,1321
es_219,1322
es_2190,1323
es_2191,1324
es_2192,1325
es_2193,1326
es_2194,1327
es_2195,1328
es_2196,1329
es_2197,1330
es_2198,1331
es_2199,1332
es_22,1333
es_220,1334
es_2200,1335
es_2201,1336
es_2202,1337
es_2203,1338
es_2204,1339
es_2205,1340
es_2206,1341
es_2207,1342
es_2208,1343
es_2209,1344
es_221,1345
es_2210,1346
es_2211,1347
es_2212,1348
es_2213,1349
es_2214,1350
es_2215,1351
es_2216,1352
es_2217,1353
es_2218,1354
es_2219,1355
es_222,1356
es_2220,1357
es_2221,1358
es_2222,1359
es_2223,1360
es_2224,1361
es_2225,1362
es_2226,1363
es_2227,1364
es_2228,1365
es_2229,1366
es_223,1367
es_2230,1368
es_2231,1369
es_2232,1370
es_2233,1371
es_2234,1372
es_2235,1373
es_2236,1374
es_2237,1375
es_2238,1376
es_2239,1377
es_224,1378
es_2240,1379
es_2241,1380
es_2242,1381
es_2243,1382
es_2244,1383
es_2245,1384
es_2246,1385
es_2247,1386
es_2248,1387
es_2249,1388
es_225,1389
es_2250,1390
es_2251,1391
es_2252,1392
es_2253,1393
es_2254,1394
es_2255,1395
es_2256,1396
es_2257,1397
es_2258,1398
es_2259,1399
es_226,1400
es_2260,1401
es_2261,1402
es_2262,1403
es_2263,1404
es_2264,1405
es_2265,1406
es_2266,1407
es_2267,1408
es_2268,1409
es_2269,1410
es_227,1411
es_2270,1412
es_2271,1413
es_2272,1414
es_2273,1415
es_2274,1416
es_2275,1417
es_2276,1418
es_2277,1419
es_2278,1420
es_2279,1421
es_228,1422
es_2280,1423
es_2281,1424
es_2282,1425
es_2283,1426
es_2284,1427
es_2285,1428
es_2286,1429
es_2287,1430
es_2288,1431
es_2289,1432
es_229,1433
es_2290,1434
es_2291,1435
es_2292,1436
es_2293,1437
es_2294,1438
es_2295,1439
es_2296,1440
es_2297,1441
es_2298,1442
es_2299,1443
es_23,1444
es_230,1445
es_2300,1446
es_2301,1447
es_2302,1448
es_2303,1449
es_2304,1450
es_2305,1451
es_2306,1452
es_2307,1453
es_2308,1454
es_2309,1455
es_231,1456
es_2310,1457
es_2311,1458
es_2312,1459
es_2313,1460
es_2314,1461
es_2315,1462
es_2316,1463
es_2317,1464
es_2318,1465
es_2319,1466
es_232,1467
es_2320,1468
es_2321,1469
es_2322,1470
es_2323,1471
es_2324,1472
es_2325,1473
es_2326,1474
es_2327,1475
es_2328,1476
es_2329,1477
es_233,1478
es_2330,1479
es_2331,1480
es_2332,1481
es_2333,1482
es_2334,1483
es_2335,1484
es_2336,1485
es_2337,1486
es_2338,1487
es_2339,1488
es_234,1489
es_2340,1490
es_2341,1491
es_2342,1492
es_2343,1493
es_2344,1494
es_2345,1495
es_2346,1496
es_2347,1497
es_2348,1498
es_2349,1499
es_235,1500
es_2350,1501
es_2351,1502
es_2352,1503
es_2353,1504
es_2354,1505
es_2355,1506
es_2356,1507
es_2357,1508
es_2358,1509
es_2359,1510
es_236,1511
es_2360,1512
es_2361,1513
es_2362,1514
es_2363,1515
es_2364,1516
es_2365,1517
es_2366,1518
es_2367,1519
es_2368,1520
es_2369,1521
es_237,1522
es_2370,1523
es_2371,1524
es_2372,1525
es_2373,1526
es_2374,1527
es_2375,1528
es_2376,1529
es_2377,1530
es_2378,1531
es_2379,1532
es_238,1533
es_2380,1534
es_2381,1535
es_2382,1536
es_2383,1537
es_2384,1538
es_2385,1539
es_2386,1540
es_2387,1541
es_2388,1542
es_2389,1543
es_239,1544
es_2390,1545
es_2391,1546
es_2392,1547
es_2393,1548
es_2394,1549
es_2395,1550
es_2396,1551
es_2397,1552
es_2398,1553
es_2399,1554
es_24,1555
es_240,1556
es_2400,1557
es_2401,1558
es_2402,1559
es_2403,1560
es_2404,1561
es_2405,1562
es_2406,1563
es_2407,1564
es_2408,1565
es_2409,1566
es_241,1567
es_2410,1568
es_2411,1569
es_2412,1570
es_2413,1571
es_2414,1572
es_2415,1573
es_2416,1574
es_2417,1575
es_2418,1576
es_2419,1577
es_242,1578
es_2420,1579
es_2421,1580
es_2422,1581
es_2423,1582
es_2424,1583
es_2425,1584
es_2426,1585
es_2427,1586
es_2428,1587
es_2429,1588
es_243,1589
es_2430,1590
es_2431,1591
es_2432,1592
es_2433,1593
es_2434,1594
es_2435,1595
es_2436,1596
es_2437,1597
es_2438,1598
es_2439,1599
es_244,1600
es_2440,1601
es_2441,1602
es_2442,1603
es_2443,1604
es_2444,1605
es_2445,1606
es_2446,1607
es_2447,1608
es_2448,1609
es_2449,1610
es_245,1611
es_2450,1612
es_2451,1613
es_2452,1614
es_2453,1615
es_2454,1616
es_2455,1617
es_2456,1618
es_2457,1619
es_2458,1620
es_2459,1621
es_246,1622
es_2460,1623
es_2461,1624
es_2462,1625
es_2463,1626
es_2464,1627
es_2465,1628
es_2466,1629
es_2467,1630
es_2468,1631
es_2469,1632
es_247,1633
es_2470,1634
es_2471,1635
es_2472,1636
es_2473,1637
es_2474,1638
es_2475,1639
es_2476,1640
es_2477,1641
es_2478,1642
es_2479,1643
es_248,1644
es_2480,1645
es_2481,1646
es_2482,1647
es_2483,1648
es_2484,1649
es_2485,1650
es_2486,1651
es_2487,1652
es_2488,1653
es_2489,1654
es_249,1655
es_2490,1656
es_2491,1657
es_2492,1658
es_2493,1659
es_2494,1660
es_2495,1661
es_2496,1662
es_2497,1663
es_2498,1664
es_2499,1665
es_25,1666
es_250,1667
es_2500,1668
es_2501,1669
es_2502,1670
es_2503,1671
es_2504,1672
es_2505,1673
es_2506,1674
es_2507,1675
es_2508,1676
es_2509,1677
es_251,1678
es_2510,1679
es_2511,1680
es_2512,1681
es_2513,1682
es_2514,1683
es_2515,1684
es_2516,1685
es_2517,1686
es_2518,1687
es_2519,1688
es_252,1689
es_2520,1690
es_2521,1691
es_2522,1692
es_2523,1693
es_2524,1694
es_2525,1695
es_2526,1696
es_2527,1697
es_2528,1698
es_2529,1699
es_253,1700
es_2530,1701
es_2531,1702
es_2532,1703
es_2533,1704
es_2534,1705
es_2535,1706
es_2536,1707
es_2537,1708
es_2538,1709
es_2539,1710
es_254,1711
es_2540,1712
es_2541,1713
es_2542,1714
es_2543,1715
es_2544,1716
es_2545,1717
es_2546,1718
es_2547,1719
es_2548,1720
es_2549,1721
es_255,1722
es_2550,1723
es_2551,1724
es_2552,1725
es_2553,1726
es_2554,1727
es_2555,1728
es_2556,1729
es_2557,1730
es_2558,1731
es_2559,1732
es_256,1733
es_2560,1734
es_2561,1735
es_2562,1736
es_2563,1737
es_2564,1738
es_2565,1739
es_2566,1740
es_2567,1741
es_2568,1742
es_2569,1743
es_257,1744
es_2570,1745
es_2571,1746
es_2572,1747
es_2573,1748
es_2574,1749
es_2575,1750
es_2576,1751
es_2577,1752
es_2578,1753
es_2579,1754
es_258,1755
es_2580,1756
es_2581,1757
es_2582,1758
es_2583,1759
es_2584,1760
es_2585,1761
es_2586,1762
es_2587,1763
es_2588,1764
es_2589,1765
es_259,1766
es_2590,1767
es_2591,1768
es_2592,1769
es_2593,1770
es_2594,1771
es_2595,1772
es_2596,1773
es_2597,1774
es_2598,1775
es_2599,1776
es_26,1777
es_260,1778
es_2600,1779
es_2601,1780
es_2602,1781
es_2603,1782
es_2604,1783
es_2605,1784
es_2606,1785
es_2607,1786
es_2608,1787
es_2609,1788
es_261,1789
es_2610,1790
es_2611,1791
es_2612,1792
es_2613,1793
es_2614,1794
es_2615,1795
es_2616,1796
es_2617,1797
es_2618,1798
es_2619,1799
es_262,1800
es_2620,1801
es_2621,1802
es_2622,1803
es_2623,1804
es_2624,1805
es_2625,1806
es_2626,1807
es_2627,1808
es_2628,1809
es_2629,1810
es_263,1811
es_2630,1812
es_2631,1813
es_2632,1814
es_2633,1815
es_2634,1816
es_2635,1817
es_2636,1818
es_2637,1819
es_2638,1820
es_2639,1821
es_264,1822
es_2640,1823
es_2641,1824
es_2642,1825
es_2643,1826
es_2644,1827
es_2645,1828
es_2646,1829
es_2647,1830
es_2648,1831
es_2649,1832
es_265,1833
es_2650,1834
es_2651,1835
es_2652,1836
es_2653,1837
es_2654,1838
es_2655,1839
es_2656,1840
es_2657,1841
es_2658,1842
es_2659,1843
es_266,1844
es_2660,1845
es_2661,1846
es_2662,1847
es_2663,1848
es_2664,1849
es_2665,1850
es_2666,1851
es_2667,1852
es_2668,1853
es_2669,1854
es_267,1855
es_2670,1856
es_2671,1857
es_2672,1858
es_2673,1859
es_2674,1860
es_2675,1861
es_2676,1862
es_2677,1863
es_2678,1864
es_2679,1865
es_268,1866
es_2680,1867
es_2681,1868
es_2682,1869
es_2683,1870
es_2684,1871
es_2685,1872
es_2686,1873
es_2687,1874
es_2688,1875
es_2689,1876
es_269,1877
es_2690,1878
es_2691,1879
es_2692,1880
es_2693,1881
es_2694,1882
es_2695,1883
es_2696,1884
es_2697,1885
es_2698,1886
es_2699,1887
es_27,1888
es_270,1889
es_2700,1890
es_2701,1891
es_2702,1892
es_2703,1893
es_2704,1894
es_2705,1895
es_2706,1896
es_2707,1897
es_2708,1898
es_2709,1899
es_271,1900
es_2710,1901
es_2711,1902
es_2712,1903
es_2713,1904
es_2714,1905
es_2715,1906
es_2716,1907
es_2717,1908
es_2718,1909
es_2719,1910
es_272,1911
es_2720,1912
es_2721,1913
es_2722,1914
es_2723,1915
es_2724,1916
es_2725,1917
es_2726,1918
es_2727,1919
es_2728,1920
es_2729,1921
es_273,1922
es_2730,1923
es_2731,1924
es_2732,1925
es_2733,1926
es_2734,1927
es_2735,1928
es_2736,1929
es_2737,1930
es_2738,1931
es_2739,1932
es_274,1933
es_2740,1934
es_2741,1935
es_2742,1936
es_2743,1937
es_2744,1938
es_2745,1939
es_2746,1940
es_2747,1941
es_2748,1942
es_2749,1943
es_275,1944
es_2750,1945
es_2751,1946
es_2752,1947
es_2753,1948
es_2754,1949
es_2755,1950
es_2756,1951
es_2757,1952
es_2758,1953
es_2759,1954
es_276,1955
es_2760,1956
es_2761,1957
es_2762,1958
es_2763,1959
es_2764,1960
es_2765,1961
es_2766,1962
es_2767,1963
es_2768,1964
es_2769,1965
es_277,1966
es_2770,1967
es_2771,1968
es_2772,1969
es_2773,1970
es_2774,1971
es_2775,1972
es_2776,1973
es_2777,1974
es_2778,1975
es_2779,1976
es_278,1977
es_2780,1978
es_2781,1979
es_2782,1980
es_2783,1981
es_2784,1982
es_2785,1983
es_2786,1984
es_2787,1985
es_2788,1986
es_2789,1987
es_279,1988
es_2790,1989
es_2791,1990
es_2792,1991
es_2793,1992
es_2794,1993
es_2795,1994
es_2796,1995
es_2797,1996
es_2798,1997
es_2799,1998
es_28,1999
es_280,2000
es_2800,2001
es_2801,2002
es_2802,2003
es_2803,2004
es_2804,2005
es_2805,2006
es_2806,2007
es_2807,2008
es_2808,2009
es_2809,2010
es_281,2011
es_2810,2012
es_2811,2013
es_2812,2014
es_2813,2015
es_2814,2016
es_2815,2017
es_2816,2018
es_2817,2019
es_2818,2020
es_2819,2021
es_282,2022
es_2820,2023
es_2821,2024
es_2822,2025
es_2823,2026
es_2824,2027
es_2825,2028
es_2826,2029
es_2827,2030
es_2828,2031
es_2829,2032
es_283,2033
es_2830,2034
es_2831,2035
es_2832,2036
es_2833,2037
es_2834,2038
es_2835,2039
es_2836,2040
es_2837,2041
es_2838,2042
es_2839,2043
es_284,2044
es_2840,2045
es_2841,2046
es_2842,2047
es_2843,2048
es_2844,2049
es_2845,2050
es_2846,2051
es_2847,2052
es_2848,2053
es_2849,2054
es_285,2055
es_2850,2056
es_2851,2057
es_2852,2058
es_2853,2059
es_2854,2060
es_2855,2061
es_2856,2062
es_2857,2063
es_2858,2064
es_2859,2065
es_286,2066
es_2860,2067
es_2861,2068
es_2862,2069
es_2863,2070
es_2864,2071
es_2865,2072
es_2866,2073
es_2867,2074
es_2868,2075
es_2869,2076
es_287,2077
es_2870,2078
es_2871,2079
es_2872,2080
es_2873,2081
es_2874,2082
es_2875,2083
es_2876,2084
es_2877,2085
es_2878,2086
es_2879,2087
es_288,2088
es_2880,2089
es_2881,2090
es_2882,2091
es_2883,2092
es_2884,2093
es_2885,2094
es_2886,2095
es_2887,2096
es_2888,2097
es_2889,2098
es_289,2099
es_2890,2100
es_2891,2101
es_2892,2102
es_2893,2103
es_2894,2104
es_2895,2105
es_2896,2106
es_2897,2107
es_2898,2108
es_2899,2109
es_29,2110
es_290,2111
es_2900,2112
es_2901,2113
es_2902,2114
es_2903,2115
es_2904,2116
es_2905,2117
es_2906,2118
es_2907,2119
es_2908,2120
es_2909,2121
es_291,2122
es_2910,2123
es_2911,2124
es_2912,2125
es_2913,2126
es_2914,2127
es_2915,2128
es_2916,2129
es_2917,2130
es_2918,2131
es_2919,2132
es_292,2133
es_2920,2134
es_2921,2135
es_2922,2136
es_2923,2137
es_2924,2138
es_2925,2139
es_2926,2140
es_2927,2141
es_2928,2142
es_2929,2143
es_293,2144
es_2930,2145
es_2931,2146
es_2932,2147
es_2933,2148
es_2934,2149
es_2935,2150
es_2936,2151
es_2937,2152
es_2938,2153
es_2939,2154
es_294,2155
es_2940,2156
es_2941,2157
es_2942,2158
es_2943,2159
es_2944,2160
es_2945,2161
es_2946,2162
es_2947,2163
es_2948,2164
es_2949,2165
es_295,2166
es_2950,2167
es_2951,2168
es_2952,2169
es_2953,2170
es_2954,2171
es_2955,2172
es_2956,2173
es_2957,2174
es_2958,2175
es_2959,2176
es_296,2177
es_2960,2178
es_2961,2179
es_2962,2180
es_2963,2181
es_2964,2182
es_2965,2183
es_2966,2184
es_2967,2185
es_2968,2186
es_2969,2187
es_297,2188
es_2970,2189
es_2971,2190
es_2972,2191
es_2973,2192
es_2974,2193
es_2975,2194
es_2976,2195
es_2977,2196
es_2978,2197
es_2979,2198
es_298,2199
es_2980,2200
es_2981,2201
es_2982,2202
es_2983,2203
es_2984,2204
es_2985,2205
es_2986,2206
es_2987,2207
es_2988,2208
es_2989,2209
es_299,2210
es_2990,2211
es_2991,2212
es_2992,2213
es_2993,2214
es_2994,2215
es_2995,2216
es_2996,2217
es_2997,2218
es_2998,2219
es_2999,2220
es_3,2221
es_30,2222
es_300,2223
es_3000,2224
es_3001,2225
es_3002,2226
es_3003,2227
es_3004,2228
es_3005,2229
es_3006,2230
es_3007,2231
es_3008,2232
es_3009,2233
es_301,2234
es_3010,2235
es_3011,2236
es_3012,2237
es_3013,2238
es_3014,2239
es_3015,2240
es_3016,2241
es_3017,2242
es_3018,2243
es_3019,2244
es_302,2245
es_3020,2246
es_3021,2247
es_3022,2248
es_3023,2249
es_3024,2250
es_3025,2251
es_3026,2252
es_3027,2253
es_3028,2254
es_3029,2255
es_303,2256
es_3030,2257
es_3031,2258
es_3032,2259
es_3033,2260
es_3034,2261
es_3035,2262
es_3036,2263
es_3037,2264
es_3038,2265
es_3039,2266
es_304,2267
es_3040,2268
es_3041,2269
es_3042,2270
es_3043,2271
es_3044,2272
es_3045,2273
es_3046,2274
es_3047,2275
es_3048,2276
es_3049,2277
es_305,2278
es_3050,2279
es_3051,2280
es_3052,2281
es_3053,2282
es_3054,2283
es_3055,2284
es_3056,2285
es_3057,2286
es_3058,2287
es_3059,2288
es_306,2289
es_3060,2290
es_3061,2291
es_3062,2292
es_3063,2293
es_3064,2294
es_3065,2295
es_3066,2296
es_3067,2297
es_3068,2298
es_3069,2299
es_307,2300
es_3070,2301
es_3071,2302
es_3072,2303
es_3073,2304
es_3074,2305
es_3075,2306
es_3076,2307
es_3077,2308
es_3078,2309
es_3079,2310
es_308,2311
es_3080,2312
es_3081,2313
es_3082,2314
es_3083,2315
es_3084,2316
es_3085,2317
es_3086,2318
es_3087,2319
es_3088,2320
es_3089,2321
es_309,2322
es_3090,2323
es_3091,2324
es_3092,2325
es_3093,2326
es_3094,2327
es_3095,2328
es_3096,2329
es_3097,2330
es_3098,2331
es_3099,2332
es_31,2333
es_310,2334
es_3100,2335
es_3101,2336
es_3102,2337
es_3103,2338
es_3104,2339
es_3105,2340
es_3106,2341
es_3107,2342
es_3108,2343
es_3109,2344
es_311,2345
es_3110,2346
es_3111,2347
es_3112,2348
es_3113,2349
es_3114,2350
es_3115,2351
es_3116,2352
es_3117,2353
es_3118,2354
es_3119,2355
es_312,2356
es_3120,2357
es_3121,2358
es_3122,2359
es_3123,2360
es_3124,2361
es_3125,2362
es_3126,2363
es_3127,2364
es_3128,2365
es_3129,2366
es_313,2367
es_3130,2368
es_3131,2369
es_3132,2370
es_3133,2371
es_3134,2372
es_3135,2373
es_3136,2374
es_3137,2375
es_3138,2376
es_3139,2377
es_314,2378
es_3140,2379
es_3141,2380
es_3142,2381
es_3143,2382
es_3144,2383
es_3145,2384
es_3146,2385
es_3147,2386
es_3148,2387
es_3149,2388
es_315,2389
es_3150,2390
es_3151,2391
es_3152,2392
es_3153,2393
es_3154,2394
es_3155,2395
es_3156,2396
es_3157,2397
es_3158,2398
es_3159,2399
es_316,2400
es_3160,2401
es_3161,2402
es_3162,2403
es_3163,2404
es_3164,2405
es_3165,2406
es_3166,2407
es_3167,2408
es_3168,2409
es_3169,2410
es_317,2411
es_3170,2412
es_3171,2413
es_3172,2414
es_3173,2415
es_3174,2416
es_3175,2417
es_3176,2418
es_3177,2419
es_3178,2420
es_3179,2421
es_318,2422
es_3180,2423
es_3181,2424
es_3182,2425
es_3183,2426
es_3184,2427
es_3185,2428
es_3186,2429
es_3187,2430
es_3188,2431
es_3189,2432
es_319,2433
es_3190,2434
es_3191,2435
es_3192,2436
es_3193,2437
es_3194,2438
es_3195,2439
es_3196,2440
es_3197,2441
es_3198,2442
es_3199,2443
es_32,2444
es_320,2445
es_3200,2446
es_3201,2447
es_3202,2448
es_3203,2449
es_3204,2450
es_3205,2451
es_3206,2452
es_3207,2453
es_3208,2454
es_3209,2455
es_321,2456
es_3210,2457
es_3211,2458
es_3212,2459
es_3213,2460
es_3214,2461
es_3215,2462
es_3216,2463
es_3217,2464
es_3218,2465
es_3219,2466
es_322,2467
es_3220,2468
es_3221,2469
es_3222,2470
es_3223,2471
es_3224,2472
es_3225,2473
es_3226,2474
es_3227,2475
es_3228,2476
es_3229,2477
es_323,2478
es_3230,2479
es_3231,2480
es_3232,2481
es_3233,2482
es_3234,2483
es_3235,2484
es_3236,2485
es_3237,2486
es_3238,2487
es_3239,2488
es_324,2489
es_3240,2490
es_3241,2491
es_3242,2492
es_3243,2493
es_3244,2494
es_3245,2495
es_3246,2496
es_3247,2497
es_3248,2498
es_3249,2499
es_325,2500
es_3250,2501
es_3251,2502
es_3252,2503
es_3253,2504
es_3254,2505
es_3255,2506
es_3256,2507
es_3257,2508
es_3258,2509
es_3259,2510
es_326,2511
es_3260,2512
es_3261,2513
es_3262,2514
es_3263,2515
es_3264,2516
es_3265,2517
es_3266,2518
es_3267,2519
es_3268,2520
es_3269,2521
es_327,2522
es_3270,2523
es_3271,2524
es_3272,2525
es_3273,2526
es_3274,2527
es_3275,2528
es_3276,2529
es_3277,2530
es_3278,2531
es_3279,2532
es_328,2533
es_3280,2534
es_3281,2535
es_3282,2536
es_3283,2537
es_3284,2538
es_3285,2539
es_3286,2540
es_3287,2541
es_3288,2542
es_3289,2543
es_329,2544
es_3290,2545
es_3291,2546
es_3292,2547
es_3293,2548
es_3294,2549
es_3295,2550
es_3296,2551
es_3297,2552
es_3298,2553
es_3299,2554
es_33,2555
es_330,2556
es_3300,2557
es_3301,2558
es_3302,2559
es_3303,2560
es_3304,2561
es_3305,2562
es_3306,2563
es_3307,2564
es_3308,2565
es_3309,2566
es_331,2567
es_3310,2568
es_3311,2569
es_3312,2570
es_3313,2571
es_3314,2572
es_3315,2573
es_3316,2574
es_3317,2575
es_3318,2576
es_3319,2577
es_332,2578
es_3320,2579
es_3321,2580
es_3322,2581
es_3323,2582
es_3324,2583
es_3325,2584
es_3326,2585
es_3327,2586
es_3328,2587
es_3329,2588
es_333,2589
es_3330,2590
es_3331,2591
es_3332,2592
es_3333,2593
es_3334,2594
es_3335,2595
es_3336,2596
es_3337,2597
es_3338,2598
es_3339,2599
es_334,2600
es_3340,2601
es_3341,2602
es_3342,2603
es_3343,2604
es_3344,2605
es_3345,2606
es_3346,2607
es_3347,2608
es_3348,2609
es_3349,2610
es_335,2611
es_3350,2612
es_3351,2613
es_3352,2614
es_3353,2615
es_3354,2616
es_3355,2617
es_3356,2618
es_3357,2619
es_3358,2620
es_3359,2621
es_336,2622
es_3360,2623
es_3361,2624
es_3362,2625
es_3363,2626
es_3364,2627
es_3365,2628
es_3366,2629
es_3367,2630
es_3368,2631
es_3369,2632
es_337,2633
es_3370,2634
es_3371,2635
es_3372,2636
es_3373,2637
es_3374,2638
es_3375,2639
es_3376,2640
es_3377,2641
es_3378,2642
es_3379,2643
es_338,2644
es_3380,2645
es_3381,2646
es_3382,2647
es_3383,2648
es_3384,2649
es_3385,2650
es_3386,2651
es_3387,2652
es_3388,2653
es_3389,2654
es_339,2655
es_3390,2656
es_3391,2657
es_3392,2658
es_3393,2659
es_3394,2660
es_3395,2661
es_3396,2662
es_3397,2663
es_3398,2664
es_3399,2665
es_34,2666
es_340,2667
es_3400,2668
es_3401,2669
es_3402,2670
es_3403,2671
es_3404,2672
es_3405,2673
es_3406,2674
es_3407,2675
es_3408,2676
es_3409,2677
es_341,2678
es_3410,2679
es_3411,2680
es_3412,2681
es_3413,2682
es_3414,2683
es_3415,2684
es_3416,2685
es_3417,2686
es_3418,2687
es_3419,2688
es_342,2689
es_3420,2690
es_3421,2691
es_3422,2692
es_3423,2693
es_3424,2694
es_3425,2695
es_3426,2696
es_3427,2697
es_3428,2698
es_3429,2699
es_343,2700
es_3430,2701
es_3431,2702
es_3432,2703
es_3433,2704
es_3434,2705
es_3435,2706
es_3436,2707
es_3437,2708
es_3438,2709
es_3439,2710
es_344,2711
es_3440,2712
es_3441,2713
es_3442,2714
es_3443,2715
es_3444,2716
es_3445,2717
es_3446,2718
es_3447,2719
es_3448,2720
es_3449,2721
es_345,2722
es_3450,2723
es_3451,2724
es_3452,2725
es_3453,2726
es_3454,2727
es_3455,2728
es_3456,2729
es_3457,2730
es_3458,2731
es_3459,2732
es_346,2733
es_3460,2734
es_3461,2735
es_3462,2736
es_3463,2737
es_3464,2738
es_3465,2739
es_3466,2740
es_3467,2741
es_3468,2742
es_3469,2743
es_347,2744
es_3470,2745
es_3471,2746
es_3472,2747
es_3473,2748
es_3474,2749
es_3475,2750
es_3476,2751
es_3477,2752
es_3478,2753
es_3479,2754
es_348,2755
es_3480,2756
es_3481,2757
es_3482,2758
es_3483,2759
es_3484,2760
es_3485,2761
es_3486,2762
es_3487,2763
es_3488,2764
es_3489,2765
es_349,2766
es_3490,2767
es_3491,2768
es_3492,2769
es_3493,2770
es_3494,2771
es_3495,2772
es_3496,2773
es_3497,2774
es_3498,2775
es_3499,2776
es_35,2777
es_350,2778
es_3500,2779
es_3501,2780
es_3502,2781
es_3503,2782
es_3504,2783
es_3505,2784
es_3506,2785
es_3507,2786
es_3508,2787
es_3509,2788
es_351,2789
es_3510,2790
es_3511,2791
es_3512,2792
es_3513,2793
es_3514,2794
es_3515,2795
es_3516,2796
es_3517,2797
es_3518,2798
es_3519,2799
es_352,2800
es_3520,2801
es_3521,2802
es_3522,2803
es_3523,2804
es_3524,2805
es_3525,2806
es_3526,2807
es_3527,2808
es_3528,2809
es_3529,2810
es_353,2811
es_3530,2812
es_3531,2813
es_3532,2814
es_3533,2815
es_3534,2816
es_3535,2817
es_3536,2818
es_3537,2819
es_3538,2820
es_3539,2821
es_354,2822
es_3540,2823
es_3541,2824
es_3542,2825
es_3543,2826
es_3544,2827
es_3545,2828
es_3546,2829
es_3547,2830
es_3548,2831
es_3549,2832
es_355,2833
es_3550,2834
es_3551,2835
es_3552,2836
es_3553,2837
es_3554,2838
es_3555,2839
es_3556,2840
es_3557,2841
es_3558,2842
es_3559,2843
es_356,2844
es_3560,2845
es_3561,2846
es_3562,2847
es_3563,2848
es_3564,2849
es_3565,2850
es_3566,2851
es_3567,2852
es_3568,2853
es_3569,2854
es_357,2855
es_3570,2856
es_3571,2857
es_3572,2858
es_3573,2859
es_3574,2860
es_3575,2861
es_3576,2862
es_3577,2863
es_3578,2864
es_3579,2865
es_358,2866
es_3580,2867
es_3581,2868
es_3582,2869
es_3583,2870
es_3584,2871
es_3585,2872
es_3586,2873
es_3587,2874
es_3588,2875
es_3589,2876
es_359,2877
es_3590,2878
es_3591,2879
es_3592,2880
es_3593,2881
es_3594,2882
es_3595,2883
es_3596,2884
es_3597,2885
es_3598,2886
es_3599,2887
es_36,2888
es_360,2889
es_3600,2890
es_3601,2891
es_3602,2892
es_3603,2893
es_3604,2894
es_3605,2895
es_3606,2896
es_3607,2897
es_3608,2898
es_3609,2899
es_361,2900
es_3610,2901
es_3611,2902
es_3612,2903
es_3613,2904
es_3614,2905
es_3615,2906
es_3616,2907
es_3617,2908
es_3618,2909
es_3619,2910
es_362,2911
es_3620,2912
es_3621,2913
es_3622,2914
es_3623,2915
es_3624,2916
es_3625,2917
es_3626,2918
es_3627,2919
es_3628,2920
es_3629,2921
es_363,2922
es_3630,2923
es_3631,2924
es_3632,2925
es_3633,2926
es_3634,2927
es_3635,2928
es_3636,2929
es_3637,2930
es_3638,2931
es_3639,2932
es_364,2933
es_3640,2934
es_3641,2935
es_3642,2936
es_3643,2937
es_3644,2938
es_3645,2939
es_3646,2940
es_3647,2941
es_3648,2942
es_3649,2943
es_365,2944
es_3650,2945
es_3651,2946
es_3652,2947
es_3653,2948
es_3654,2949
es_3655,2950
es_3656,2951
es_3657,2952
es_3658,2953
es_3659,2954
es_366,2955
es_3660,2956
es_3661,2957
es_3662,2958
es_3663,2959
es_3664,2960
es_3665,2961
es_3666,2962
es_3667,2963
es_3668,2964
es_3669,2965
es_367,2966
es_3670,2967
es_3671,2968
es_3672,2969
es_3673,2970
es_3674,2971
es_3675,2972
es_3676,2973
es_3677,2974
es_3678,2975
es_3679,2976
es_368,2977
es_3680,2978
es_3681,2979
es_3682,2980
es_3683,2981
es_3684,2982
es_3685,2983
es_3686,2984
es_3687,2985
es_3688,2986
es_3689,2987
es_369,2988
es_3690,2989
es_3691,2990
es_3692,2991
es_3693,2992
es_3694,2993
es_3695,2994
es_3696,2995
es_3697,2996
es_3698,2997
es_3699,2998
es_37,2999
es_370,3000
es_3700,3001
es_3701,3002
es_3702,3003
es_3703,3004
es_3704,3005
es_3705,3006
es_3706,3007
es_3707,3008
es_3708,3009
es_3709,3010
es_371,3011
es_3710,3012
es_3711,3013
es_3712,3014
es_3713,3015
es_3714,3016
es_3715,3017
es_3716,3018
es_3717,3019
es_3718,3020
es_3719,3021
es_372,3022
es_3720,3023
es_3721,3024
es_3722,3025
es_3723,3026
es_3724,3027
es_3725,3028
es_3726,3029
es_3727,3030
es_3728,3031
es_3729,3032
es_373,3033
es_3730,3034
es_3731,3035
es_3732,3036
es_3733,3037
es_3734,3038
es_3735,3039
es_3736,3040
es_3737,3041
es_3738,3042
es_3739,3043
es_374,3044
es_3740,3045
es_3741,3046
es_3742,3047
es_3743,3048
es_3744,3049
es_3745,3050
es_3746,3051
es_3747,3052
es_3748,3053
es_3749,3054
es_375,3055
es_3750,3056
es_3751,3057
es_3752,3058
es_3753,3059
es_3754,3060
es_3755,3061
es_3756,3062
es_3757,3063
es_3758,3064
es_3759,3065
es_376,3066
es_3760,3067
es_3761,3068
es_3762,3069
es_3763,3070
es_3764,3071
es_3765,3072
es_3766,3073
es_3767,3074
es_3768,3075
es_3769,3076
es_377,3077
es_3770,3078
es_3771,3079
es_3772,3080
es_3773,3081
es_3774,3082
es_3775,3083
es_3776,3084
es_3777,3085
es_3778,3086
es_3779,3087
es_378,3088
es_3780,3089
es_3781,3090
es_3782,3091
es_3783,3092
es_3784,3093
es_3785,3094
es_3786,3095
es_3787,3096
es_3788,3097
es_3789,3098
es_379,3099
es_3790,3100
es_3791,3101
es_3792,3102
es_3793,3103
es_3794,3104
es_3795,3105
es_3796,3106
es_3797,3107
es_3798,3108
es_3799,3109
es_38,3110
es_380,3111
es_3800,3112
es_3801,3113
es_3802,3114
es_3803,3115
es_3804,3116
es_3805,3117
es_3806,3118
es_3807,3119
es_3808,3120
es_3809,3121
es_381,3122
es_3810,3123
es_3811,3124
es_3812,3125
es_3813,3126
es_3814,3127
es_3815,3128
es_3816,3129
es_3817,3130
es_3818,3131
es_3819,3132
es_382,3133
es_3820,3134
es_3821,3135
es_3822,3136
es_3823,3137
es_3824,3138
es_3825,3139
es_3826,3140
es_3827,3141
es_3828,3142
es_3829,3143
es_383,3144
es_3830,3145
es_3831,3146
es_3832,3147
es_3833,3148
es_3834,3149
es_3835,3150
es_3836,3151
es_3837,3152
es_3838,3153
es_3839,3154
es_384,3155
es_3840,3156
es_3841,3157
es_3842,3158
es_3843,3159
es_3844,3160
es_3845,3161
es_3846,3162
es_3847,3163
es_3848,3164
es_3849,3165
es_385,3166
es_3850,3167
es_3851,3168
es_3852,3169
es_3853,3170
es_3854,3171
es_3855,3172
es_3856,3173
es_3857,3174
es_3858,3175
es_3859,3176
es_386,3177
es_3860,3178
es_3861,3179
es_3862,3180
es_3863,3181
es_3864,3182
es_3865,3183
es_3866,3184
es_3867,3185
es_3868,3186
es_3869,3187
es_387,3188
es_3870,3189
es_3871,3190
es_3872,3191
es_3873,3192
es_3874,3193
es_3875,3194
es_3876,3195
es_3877,3196
es_3878,3197
es_3879,3198
es_388,3199
es_3880,3200
es_3881,3201
es_3882,3202
es_3883,3203
es_3884,3204
es_3885,3205
es_3886,3206
es_3887,3207
es_3888,3208
es_3889,3209
es_389,3210
es_3890,3211
es_3891,3212
es_3892,3213
es_3893,3214
es_3894,3215
es_3895,3216
es_3896,3217
es_3897,3218
es_3898,3219
es_3899,3220
es_39,3221
es_390,3222
es_3900,3223
es_3901,3224
es_3902,3225
es_3903,3226
es_3904,3227
es_3905,3228
es_3906,3229
es_3907,3230
es_3908,3231
es_3909,3232
es_391,3233
es_3910,3234
es_3911,3235
es_3912,3236
es_3913,3237
es_3914,3238
es_3915,3239
es_3916,3240
es_3917,3241
es_3918,3242
es_3919,3243
es_392,3244
es_3920,3245
es_3921,3246
es_3922,3247
es_3923,3248
es_3924,3249
es_3925,3250
es_3926,3251
es_3927,3252
es_3928,3253
es_3929,3254
es_393,3255
es_3930,3256
es_3931,3257
es_3932,3258
es_3933,3259
es_3934,3260
es_3935,3261
es_3936,3262
es_3937,3263
es_3938,3264
es_3939,3265
es_394,3266
es_3940,3267
es_3941,3268
es_3942,3269
es_3943,3270
es_3944,3271
es_3945,3272
es_3946,3273
es_3947,3274
es_3948,3275
es_3949,3276
es_395,3277
es_3950,3278
es_3951,3279
es_3952,3280
es_3953,3281
es_3954,3282
es_3955,3283
es_3956,3284
es_3957,3285
es_3958,3286
es_3959,3287
es_396,3288
es_3960,3289
es_3961,3290
es_3962,3291
es_3963,3292
es_3964,3293
es_3965,3294
es_3966,3295
es_3967,3296
es_3968,3297
es_3969,3298
es_397,3299
es_3970,3300
es_3971,3301
es_3972,3302
es_3973,3303
es_3974,3304
es_3975,3305
es_3976,3306
es_3977,3307
es_3978,3308
es_3979,3309
es_398,3310
es_3980,3311
es_3981,3312
es_3982,3313
es_3983,3314
es_3984,3315
es_3985,3316
es_3986,3317
es_3987,3318
es_3988,3319
es_3989,3320
es_399,3321
es_3990,3322
es_3991,3323
es_3992,3324
es_3993,3325
es_3994,3326
es_3995,3327
es_3996,3328
es_3997,3329
es_3998,3330
es_3999,3331
es_4,3332
es_40,3333
es_400,3334
es_4000,3335
es_4001,3336
es_4002,3337
es_4003,3338
es_4004,3339
es_4005,3340
es_4006,3341
es_4007,3342
es_4008,3343
es_4009,3344
es_401,3345
es_4010,3346
es_4011,3347
es_4012,3348
es_4013,3349
es_4014,3350
es_4015,3351
es_4016,3352
es_4017,3353
es_4018,3354
es_4019,3355
es_402,3356
es_4020,3357
es_4021,3358
es_4022,3359
es_4023,3360
es_4024,3361
es_4025,3362
es_4026,3363
es_4027,3364
es_4028,3365
es_4029,3366
es_403,3367
es_4030,3368
es_4031,3369
es_4032,3370
es_4033,3371
es_4034,3372
es_4035,3373
es_4036,3374
es_4037,3375
es_4038,3376
es_4039,3377
es_404,3378
es_4040,3379
es_4041,3380
es_4042,3381
es_4043,3382
es_4044,3383
es_4045,3384
es_4046,3385
es_4047,3386
es_4048,3387
es_4049,3388
es_405,3389
es_4050,3390
es_4051,3391
es_4052,3392
es_4053,3393
es_4054,3394
es_4055,3395
es_4056,3396
es_4057,3397
es_4058,3398
es_4059,3399
es_406,3400
es_4060,3401
es_4061,3402
es_4062,3403
es_4063,3404
es_4064,3405
es_4065,3406
es_4066,3407
es_4067,3408
es_4068,3409
es_4069,3410
es_407,3411
es_4070,3412
es_4071,3413
es_4072,3414
es_4073,3415
es_4074,3416
es_4075,3417
es_4076,3418
es_4077,3419
es_4078,3420
es_4079,3421
es_408,3422
es_4080,3423
es_4081,3424
es_4082,3425
es_4083,3426
es_4084,3427
es_4085,3428
es_4086,3429
es_4087,3430
es_4088,3431
es_4089,3432
es_409,3433
es_4090,3434
es_4091,3435
es_4092,3436
es_4093,3437
es_4094,3438
es_4095,3439
es_4096,3440
es_4097,3441
es_4098,3442
es_4099,3443
es_41,3444
es_410,3445
es_4100,3446
es_4101,3447
es_4102,3448
es_4103,3449
es_4104,3450
es_4105,3451
es_4106,3452
es_4107,3453
es_4108,3454
es_4109,3455
es_411,3456
es_4110,3457
es_4111,3458
es_4112,3459
es_4113,3460
es_4114,3461
es_4115,3462
es_4116,3463
es_4117,3464
es_4118,3465
es_4119,3466
es_412,3467
es_4120,3468
es_4121,3469
es_4122,3470
es_4123,3471
es_4124,3472
es_4125,3473
es_4126,3474
es_4127,3475
es_4128,3476
es_4129,3477
es_413,3478
es_4130,3479
es_4131,3480
es_4132,3481
es_4133,3482
es_4134,3483
es_4135,3484
es_4136,3485
es_4137,3486
es_4138,3487
es_4139,3488
es_414,3489
es_4140,3490
es_4141,3491
es_4142,3492
es_4143,3493
es_4144,3494
es_4145,3495
es_4146,3496
es_4147,3497
es_4148,3498
es_4149,3499
es_415,3500
es_4150,3501
es_4151,3502
es_4152,3503
es_4153,3504
es_4154,3505
es_4155,3506
es_4156,3507
es_4157,3508
es_4158,3509
es_4159,3510
es_416,3511
es_4160,3512
es_4161,3513
es_4162,3514
es_4163,3515
es_4164,3516
es_4165,3517
es_4166,3518
es_4167,3519
es_4168,3520
es_4169,3521
es_417,3522
es_4170,3523
es_4171,3524
es_4172,3525
es_4173,3526
es_4174,3527
es_4175,3528
es_4176,3529
es_4177,3530
es_4178,3531
es_4179,3532
es_418,3533
es_4180,3534
es_4181,3535
es_4182,3536
es_4183,3537
es_4184,3538
es_4185,3539
es_4186,3540
es_4187,3541
es_4188,3542
es_4189,3543
es_419,3544
es_4190,3545
es_4191,3546
es_4192,3547
es_4193,3548
es_4194,3549
es_4195,3550
es_4196,3551
es_4197,3552
es_4198,3553
es_4199,3554
es_42,3555
es_420,3556
es_4200,3557
es_4201,3558
es_4202,3559
es_4203,3560
es_4204,3561
es_4205,3562
es_4206,3563
es_4207,3564
es_4208,3565
es_4209,3566
es_421,3567
es_4210,3568
es_4211,3569
es_4212,3570
es_4213,3571
es_4214,3572
es_4215,3573
es_4216,3574
es_4217,3575
es_4218,3576
es_4219,3577
es_422,3578
es_4220,3579
es_4221,3580
es_4222,3581
es_4223,3582
es_4224,3583
es_4225,3584
es_4226,3585
es_4227,3586
es_4228,3587
es_4229,3588
es_423,3589
es_4230,3590
es_4231,3591
es_4232,3592
es_4233,3593
es_4234,3594
es_4235,3595
es_4236,3596
es_4237,3597
es_4238,3598
es_4239,3599
es_424,3600
es_4240,3601
es_4241,3602
es_4242,3603
es_4243,3604
es_4244,3605
es_4245,3606
es_4246,3607
es_4247,3608
es_4248,3609
es_4249,3610
es_425,3611
es_4250,3612
es_4251,3613
es_4252,3614
es_4253,3615
es_4254,3616
es_4255,3617
es_4256,3618
es_4257,3619
es_4258,3620
es_4259,3621
es_426,3622
es_4260,3623
es_4261,3624
es_4262,3625
es_4263,3626
es_4264,3627
es_4265,3628
es_4266,3629
es_4267,3630
es_4268,3631
es_4269,3632
es_427,3633
es_4270,3634
es_4271,3635
es_4272,3636
es_4273,3637
es_4274,3638
es_4275,3639
es_4276,3640
es_4277,3641
es_4278,3642
es_4279,3643
es_428,3644
es_4280,3645
es_4281,3646
es_4282,3647
es_4283,3648
es_4284,3649
es_4285,3650
es_4286,3651
es_4287,3652
es_4288,3653
es_4289,3654
es_429,3655
es_4290,3656
es_4291,3657
es_4292,3658
es_4293,3659
es_4294,3660
es_4295,3661
es_4296,3662
es_4297,3663
es_4298,3664
es_4299,3665
es_43,3666
es_430,3667
es_4300,3668
es_4301,3669
es_4302,3670
es_4303,3671
es_4304,3672
es_4305,3673
es_4306,3674
es_4307,3675
es_4308,3676
es_4309,3677
es_431,3678
es_4310,3679
es_4311,3680
es_4312,3681
es_4313,3682
es_4314,3683
es_4315,3684
es_4316,3685
es_4317,3686
es_4318,3687
es_4319,3688
es_432,3689
es_4320,3690
es_4321,3691
es_4322,3692
es_4323,3693
es_4324,3694
es_4325,3695
es_4326,3696
es_4327,3697
es_4328,3698
es_4329,3699
es_433,3700
es_4330,3701
es_4331,3702
es_4332,3703
es_4333,3704
es_4334,3705
es_4335,3706
es_4336,3707
es_4337,3708
es_4338,3709
es_4339,3710
es_434,3711
es_4340,3712
es_4341,3713
es_4342,3714
es_4343,3715
es_4344,3716
es_4345,3717
es_4346,3718
es_4347,3719
es_4348,3720
es_4349,3721
es_435,3722
es_4350,3723
es_4351,3724
es_4352,3725
es_4353,3726
es_4354,3727
es_4355,3728
es_4356,3729
es_4357,3730
es_4358,3731
es_4359,3732
es_436,3733
es_4360,3734
es_4361,3735
es_4362,3736
es_4363,3737
es_4364,3738
es_4365,3739
es_4366,3740
es_4367,3741
es_4368,3742
es_4369,3743
es_437,3744
es_4370,3745
es_4371,3746
es_4372,3747
es_4373,3748
es_4374,3749
es_4375,3750
es_4376,3751
es_4377,3752
es_4378,3753
es_4379,3754
es_438,3755
es_4380,3756
es_4381,3757
es_4382,3758
es_4383,3759
es_4384,3760
es_4385,3761
es_4386,3762
es_4387,3763
es_4388,3764
es_4389,3765
es_439,3766
es_4390,3767
es_4391,3768
es_4392,3769
es_4393,3770
es_4394,3771
es_4395,3772
es_4396,3773
es_4397,3774
es_4398,3775
es_4399,3776
es_44,3777
es_440,3778
es_4400,3779
es_4401,3780
es_4402,3781
es_4403,3782
es_4404,3783
es_4405,3784
es_4406,3785
es_4407,3786
es_4408,3787
es_4409,3788
es_441,3789
es_4410,3790
es_4411,3791
es_4412,3792
es_4413,3793
es_4414,3794
es_4415,3795
es_4416,3796
es_4417,3797
es_4418,3798
es_4419,3799
es_442,3800
es_4420,3801
es_4421,3802
es_4422,3803
es_4423,3804
es_4424,3805
es_4425,3806
es_4426,3807
es_4427,3808
es_4428,3809
es_4429,3810
es_443,3811
es_4430,3812
es_4431,3813
es_4432,3814
es_4433,3815
es_4434,3816
es_4435,3817
es_4436,3818
es_4437,3819
es_4438,3820
es_4439,3821
es_444,3822
es_4440,3823
es_4441,3824
es_4442,3825
es_4443,3826
es_4444,3827
es_4445,3828
es_4446,3829
es_4447,3830
es_4448,3831
es_4449,3832
es_445,3833
es_4450,3834
es_4451,3835
es_4452,3836
es_4453,3837
es_4454,3838
es_4455,3839
es_4456,3840
es_4457,3841
es_4458,3842
es_4459,3843
es_446,3844
es_4460,3845
es_4461,3846
es_4462,3847
es_4463,3848
es_4464,3849
es_4465,3850
es_4466,3851
es_4467,3852
es_4468,3853
es_4469,3854
es_447,3855
es_4470,3856
es_4471,3857
es_4472,3858
es_4473,3859
es_4474,3860
es_4475,3861
es_4476,3862
es_4477,3863
es_4478,3864
es_4479,3865
es_448,3866
es_4480,3867
es_4481,3868
es_4482,3869
es_4483,3870
es_4484,3871
es_4485,3872
es_4486,3873
es_4487,3874
es_4488,3875
es_4489,3876
es_449,3877
es_4490,3878
es_4491,3879
es_4492,3880
es_4493,3881
es_4494,3882
es_4495,3883
es_4496,3884
es_4497,3885
es_4498,3886
es_4499,3887
es_45,3888
es_450,3889
es_4500,3890
es_4501,3891
es_4502,3892
es_4503,3893
es_4504,3894
es_4505,3895
es_4506,3896
es_4507,3897
es_4508,3898
es_4509,3899
es_451,3900
es_4510,3901
es_4511,3902
es_4512,3903
es_4513,3904
es_4514,3905
es_4515,3906
es_4516,3907
es_4517,3908
es_4518,3909
es_4519,3910
es_452,3911
es_4520,3912
es_4521,3913
es_4522,3914
es_4523,3915
es_4524,3916
es_4525,3917
es_4526,3918
es_4527,3919
es_4528,3920
es_4529,3921
es_453,3922
es_4530,3923
es_4531,3924
es_4532,3925
es_4533,3926
es_4534,3927
es_4535,3928
es_4536,3929
es_4537,3930
es_454,3931
es_4540,3932
es_4541,3933
es_4542,3934
es_4543,3935
es_4544,3936
es_4545,3937
es_4546,3938
es_4547,3939
es_4548,3940
es_4549,3941
es_455,3942
es_4550,3943
es_4551,3944
es_4552,3945
es_4553,3946
es_4554,3947
es_4555,3948
es_4556,3949
es_4557,3950
es_4558,3951
es_4559,3952
es_456,3953
es_4560,3954
es_4561,3955
es_4562,3956
es_4563,3957
es_4564,3958
es_4565,3959
es_4566,3960
es_4567,3961
es_4568,3962
es_4569,3963
es_457,3964
es_4570,3965
es_4571,3966
es_4572,3967
es_4574,3968
es_4575,3969
es_4576,3970
es_4577,3971
es_4578,3972
es_4579,3973
es_458,3974
es_4580,3975
es_4581,3976
es_4582,3977
es_4583,3978
es_4584,3979
es_4585,3980
es_4586,3981
es_4587,3982
es_4588,3983
es_4589,3984
es_459,3985
es_4590,3986
es_4591,3987
es_4592,3988
es_4593,3989
es_4595,3990
es_4596,3991
es_4597,3992
es_4598,3993
es_4599,3994
es_46,3995
es_460,3996
es_4600,3997
es_4601,3998
es_4602,3999
es_4603,4000
es_4604,4001
es_4605,4002
es_4606,4003
es_4607,4004
es_4608,4005
es_4609,4006
es_461,4007
es_4610,4008
es_4611,4009
es_4612,4010
es_4613,4011
es_4614,4012
es_4615,4013
es_4616,4014
es_4617,4015
es_4619,4016
es_462,4017
es_4621,4018
es_4622,4019
es_4623,4020
es_4624,4021
es_4625,4022
es_4626,4023
es_4627,4024
es_4628,4025
es_4629,4026
es_463,4027
es_4630,4028
es_4631,4029
es_4632,4030
es_4633,4031
es_4634,4032
es_4636,4033
es_4637,4034
es_4638,4035
es_4639,4036
es_464,4037
es_4640,4038
es_4641,4039
es_4642,4040
es_4643,4041
es_4644,4042
es_4645,4043
es_4646,4044
es_4647,4045
es_4648,4046
es_4649,4047
es_465,4048
es_4650,4049
es_4651,4050
es_4653,4051
es_4654,4052
es_4655,4053
es_4656,4054
es_4657,4055
es_4658,4056
es_466,4057
es_4660,4058
es_4661,4059
es_4662,4060
es_4664,4061
es_4665,4062
es_4666,4063
es_4667,4064
es_4668,4065
es_4669,4066
es_467,4067
es_4671,4068
es_4672,4069
es_4673,4070
es_4674,4071
es_4676,4072
es_4677,4073
es_4678,4074
es_4679,4075
es_468,4076
es_4680,4077
es_4681,4078
es_4682,4079
es_4683,4080
es_4684,4081
es_4685,4082
es_4686,4083
es_4687,4084
es_4688,4085
es_4689,4086
es_469,4087
es_4690,4088
es_4691,4089
es_4692,4090
es_4693,4091
es_4694,4092
es_4695,4093
es_4696,4094
es_4697,4095
es_4698,4096
es_4699,4097
es_47,4098
es_470,4099
es_4700,4100
es_4701,4101
es_4702,4102
es_4703,4103
es_4704,4104
es_4705,4105
es_4706,4106
es_4707,4107
es_4708,4108
es_4709,4109
es_471,4110
es_4710,4111
es_4711,4112
es_4712,4113
es_4713,4114
es_4714,4115
es_4715,4116
es_4716,4117
es_4717,4118
es_4718,4119
es_4719,4120
es_472,4121
es_4720,4122
es_4721,4123
es_4722,4124
es_4723,4125
es_4724,4126
es_4725,4127
es_4726,4128
es_4727,4129
es_4728,4130
es_4729,4131
es_473,4132
es_4730,4133
es_4731,4134
es_4732,4135
es_4733,4136
es_4734,4137
es_4735,4138
es_4736,4139
es_4737,4140
es_4738,4141
es_4739,4142
es_474,4143
es_4740,4144
es_4741,4145
es_4742,4146
es_4743,4147
es_4744,4148
es_4745,4149
es_4746,4150
es_4747,4151
es_4748,4152
es_4749,4153
es_475,4154
es_4750,4155
es_4751,4156
es_4752,4157
es_4753,4158
es_4754,4159
es_4755,4160
es_4756,4161
es_4757,4162
es_4758,4163
es_4759,4164
es_476,4165
es_4760,4166
es_4761,4167
es_4762,4168
es_4763,4169
es_4764,4170
es_4765,4171
es_4766,4172
es_4767,4173
es_4768,4174
es_4769,4175
es_477,4176
es_4770,4177
es_4771,4178
es_4772,4179
es_4773,4180
es_4774,4181
es_4775,4182
es_4776,4183
es_4777,4184
es_4778,4185
es_4779,4186
es_478,4187
es_4780,4188
es_4781,4189
es_4782,4190
es_4783,4191
es_4784,4192
es_4785,4193
es_4786,4194
es_4787,4195
es_4788,4196
es_4789,4197
es_479,4198
es_4790,4199
es_4791,4200
es_4792,4201
es_4793,4202
es_4794,4203
es_4795,4204
es_4796,4205
es_4797,4206
es_4798,4207
es_4799,4208
es_48,4209
es_480,4210
es_4800,4211
es_4801,4212
es_4802,4213
es_4803,4214
es_4804,4215
es_4805,4216
es_4806,4217
es_4807,4218
es_4808,4219
es_4809,4220
es_481,4221
es_4810,4222
es_4811,4223
es_4812,4224
es_4813,4225
es_4814,4226
es_4815,4227
es_4816,4228
es_4817,4229
es_4818,4230
es_4819,4231
es_482,4232
es_4820,4233
es_4821,4234
es_4822,4235
es_4823,4236
es_4824,4237
es_4825,4238
es_4826,4239
es_4827,4240
es_4828,4241
es_4829,4242
es_483,4243
es_4830,4244
es_4831,4245
es_4832,4246
es_4833,4247
es_4834,4248
es_4835,4249
es_4836,4250
es_4837,4251
es_4838,4252
es_4839,4253
es_484,4254
es_4840,4255
es_4841,4256
es_4842,4257
es_4843,4258
es_4844,4259
es_485,4260
es_486,4261
es_487,4262
es_488,4263
es_489,4264
es_49,4265
es_490,4266
es_491,4267
es_492,4268
es_493,4269
es_494,4270
es_495,4271
es_496,4272
es_497,4273
es_498,4274
es_499,4275
es_5,4276
es_50,4277
es_500,4278
es_501,4279
es_502,4280
es_503,4281
es_504,4282
es_505,4283
es_506,4284
es_507,4285
es_508,4286
es_509,4287
es_51,4288
es_510,4289
es_511,4290
es_512,4291
es_513,4292
es_514,4293
es_515,4294
es_516,4295
es_517,4296
es_518,4297
es_519,4298
es_52,4299
es_520,4300
es_521,4301
es_522,4302
es_523,4303
es_524,4304
es_525,4305
es_526,4306
es_527,4307
es_528,4308
es_529,4309
es_53,4310
es_530,4311
es_531,4312
es_532,4313
es_533,4314
es_534,4315
es_535,4316
es_536,4317
es_537,4318
es_538,4319
es_539,4320
es_54,4321
es_540,4322
es_541,4323
es_542,4324
es_543,4325
es_544,4326
es_545,4327
es_546,4328
es_547,4329
es_548,4330
es_549,4331
es_55,4332
es_550,4333
es_551,4334
es_552,4335
es_553,4336
es_554,4337
es_555,4338
es_556,4339
es_557,4340
es_558,4341
es_559,4342
es_56,4343
es_560,4344
es_561,4345
es_562,4346
es_563,4347
es_564,4348
es_565,4349
es_566,4350
es_567,4351
es_568,4352
es_569,4353
es_57,4354
es_570,4355
es_571,4356
es_572,4357
es_573,4358
es_574,4359
es_575,4360
es_576,4361
es_577,4362
es_578,4363
es_579,4364
es_58,4365
es_580,4366
es_581,4367
es_582,4368
es_583,4369
es_584,4370
es_585,4371
es_586,4372
es_587,4373
es_588,4374
es_589,4375
es_59,4376
es_590,4377
es_591,4378
es_592,4379
es_593,4380
es_594,4381
es_595,4382
es_596,4383
es_597,4384
es_598,4385
es_599,4386
es_6,4387
es_60,4388
es_600,4389
es_601,4390
es_602,4391
es_603,4392
es_604,4393
es_605,4394
es_606,4395
es_607,4396
es_608,4397
es_609,4398
es_61,4399
es_610,4400
es_611,4401
es_612,4402
es_613,4403
es_614,4404
es_615,4405
es_616,4406
es_617,4407
es_618,4408
es_619,4409
es_62,4410
es_620,4411
es_621,4412
es_622,4413
es_623,4414
es_624,4415
es_625,4416
es_626,4417
es_627,4418
es_628,4419
es_629,4420
es_63,4421
es_630,4422
es_631,4423
es_632,4424
es_633,4425
es_634,4426
es_635,4427
es_636,4428
es_637,4429
es_638,4430
es_639,4431
es_64,4432
es_640,4433
es_641,4434
es_642,4435
es_643,4436
es_644,4437
es_645,4438
es_646,4439
es_647,4440
es_648,4441
es_649,4442
es_65,4443
es_650,4444
es_651,4445
es_652,4446
es_653,4447
es_654,4448
es_655,4449
es_656,4450
es_657,4451
es_658,4452
es_659,4453
es_66,4454
es_660,4455
es_661,4456
es_662,4457
es_663,4458
es_664,4459
es_665,4460
es_666,4461
es_667,4462
es_668,4463
es_669,4464
es_67,4465
es_670,4466
es_671,4467
es_672,4468
es_673,4469
es_674,4470
es_675,4471
es_676,4472
es_677,4473
es_678,4474
es_679,4475
es_68,4476
es_680,4477
es_681,4478
es_682,4479
es_683,4480
es_684,4481
es_685,4482
es_686,4483
es_687,4484
es_688,4485
es_689,4486
es_69,4487
es_690,4488
es_691,4489
es_692,4490
es_693,4491
es_694,4492
es_695,4493
es_696,4494
es_697,4495
es_698,4496
es_699,4497
es_7,4498
es_70,4499
es_700,4500
es_701,4501
es_702,4502
es_703,4503
es_704,4504
es_705,4505
es_706,4506
es_707,4507
es_708,4508
es_709,4509
es_71,4510
es_710,4511
es_711,4512
es_712,4513
es_713,4514
es_714,4515
es_715,4516
es_716,4517
es_717,4518
es_718,4519
es_719,4520
es_72,4521
es_720,4522
es_721,4523
es_722,4524
es_723,4525
es_724,4526
es_725,4527
es_726,4528
es_727,4529
es_728,4530
es_729,4531
es_73,4532
es_730,4533
es_731,4534
es_732,4535
es_733,4536
es_734,4537
es_735,4538
es_736,4539
es_737,4540
es_738,4541
es_739,4542
es_74,4543
es_740,4544
es_741,4545
es_742,4546
es_743,4547
es_744,4548
es_745,4549
es_746,4550
es_747,4551
es_748,4552
es_749,4553
es_75,4554
es_750,4555
es_751,4556
es_752,4557
es_753,4558
es_754,4559
es_755,4560
es_756,4561
es_757,4562
es_758,4563
es_759,4564
es_76,4565
es_760,4566
es_761,4567
es_762,4568
es_763,4569
es_764,4570
es_765,4571
es_766,4572
es_767,4573
es_768,4574
es_769,4575
es_77,4576
es_770,4577
es_771,4578
es_772,4579
es_773,4580
es_774,4581
es_775,4582
es_776,4583
es_777,4584
es_778,4585
es_779,4586
es_78,4587
es_780,4588
es_781,4589
es_782,4590
es_783,4591
es_784,4592
es_785,4593
es_786,4594
es_787,4595
es_788,4596
es_789,4597
es_79,4598
es_790,4599
es_791,4600
es_792,4601
es_793,4602
es_794,4603
es_795,4604
es_796,4605
es_797,4606
es_798,4607
es_799,4608
es_8,4609
es_80,4610
es_800,4611
es_801,4612
es_802,4613
es_803,4614
es_804,4615
es_805,4616
es_806,4617
es_807,4618
es_808,4619
es_809,4620
es_81,4621
es_810,4622
es_811,4623
es_812,4624
es_813,4625
es_814,4626
es_815,4627
es_816,4628
es_817,4629
es_818,4630
es_819,4631
es_82,4632
es_820,4633
es_821,4634
es_822,4635
es_823,4636
es_824,4637
es_825,4638
es_826,4639
es_827,4640
es_828,4641
es_829,4642
es_83,4643
es_830,4644
es_831,4645
es_832,4646
es_833,4647
es_834,4648
es_835,4649
es_836,4650
es_837,4651
es_838,4652
es_839,4653
es_84,4654
es_840,4655
es_841,4656
es_842,4657
es_843,4658
es_844,4659
es_845,4660
es_846,4661
es_847,4662
es_848,4663
es_849,4664
es_85,4665
es_850,4666
es_851,4667
es_852,4668
es_853,4669
es_854,4670
es_855,4671
es_856,4672
es_857,4673
es_858,4674
es_859,4675
es_86,4676
es_860,4677
es_861,4678
es_862,4679
es_863,4680
es_864,4681
es_865,4682
es_866,4683
es_867,4684
es_868,4685
es_869,4686
es_87,4687
es_870,4688
es_871,4689
es_872,4690
es_873,4691
es_874,4692
es_875,4693
es_876,4694
es_877,4695
es_878,4696
es_879,4697
es_88,4698
es_880,4699
es_881,4700
es_882,4701
es_883,4702
es_884,4703
es_885,4704
es_886,4705
es_887,4706
es_888,4707
es_889,4708
es_89,4709
es_890,4710
es_891,4711
es_892,4712
es_893,4713
es_894,4714
es_895,4715
es_896,4716
es_897,4717
es_898,4718
es_899,4719
es_9,4720
es_90,4721
es_900,4722
es_901,4723
es_902,4724
es_903,4725
es_904,4726
es_905,4727
es_906,4728
es_907,4729
es_908,4730
es_909,4731
es_91,4732
es_910,4733
es_911,4734
es_912,4735
es_913,4736
es_914,4737
es_915,4738
es_916,4739
es_917,4740
es_918,4741
es_919,4742
es_92,4743
es_920,4744
es_921,4745
es_922,4746
es_923,4747
es_924,4748
es_925,4749
es_926,4750
es_927,4751
es_928,4752
es_929,4753
es_93,4754
es_930,4755
es_931,4756
es_932,4757
es_933,4758
es_934,4759
es_935,4760
es_936,4761
es_937,4762
es_938,4763
es_939,4764
es_94,4765
es_940,4766
es_941,4767
es_942,4768
es_943,4769
es_944,4770
es_945,4771
es_946,4772
es_947,4773
es_948,4774
es_949,4775
es_95,4776
es_950,4777
es_951,4778
es_952,4779
es_953,4780
es_954,4781
es_955,4782
es_956,4783
es_957,4784
es_958,4785
es_959,4786
es_96,4787
es_960,4788
es_961,4789
es_962,4790
es_963,4791
es_964,4792
es_965,4793
es_966,4794
es_967,4795
es_968,4796
es_969,4797
es_97,4798
es_970,4799
es_971,4800
es_972,4801
es_973,4802
es_974,4803
es_975,4804
es_976,4805
es_977,4806
es_978,4807
es_979,4808
es_98,4809
es_980,4810
es_981,4811
es_982,4812
es_983,4813
es_984,4814
es_985,4815
es_986,4816
es_987,4817
es_988,4818
es_989,4819
es_99,4820
es_990,4821
es_991,4822
es_992,4823
es_993,4824
es_994,4825
es_995,4826
es_996,4827
es_997,4828
es_998,4829
es_999,4830
